Iteration, Max iteration, Mean abs differential rot err, Min differential rotation err, Mean abs differential trans err, Min differential translation err
0, 1000, 0, 1.74533e-10, 0, 0.001
1, 1000, 0, 1.74533e-10, 0, 0.001
2, 1000, 0, 1.74533e-10, 0, 0.001
3, 1000, 0.000410098, 1.74533e-10, 37.3107, 0.001
4, 1000, 0.00010665, 1.74533e-10, 9.40551, 0.001
5, 1000, 8.24007e-05, 1.74533e-10, 1.83367, 0.001
6, 1000, 3.3713e-05, 1.74533e-10, 0.723915, 0.001
7, 1000, 1.92317e-05, 1.74533e-10, 0.274143, 0.001
8, 1000, 7.95755e-06, 1.74533e-10, 0.240089, 0.001
9, 1000, 2.87674e-06, 1.74533e-10, 0.141482, 0.001
10, 1000, 1.08993e-05, 1.74533e-10, 0.176204, 0.001
11, 1000, 1.19933e-05, 1.74533e-10, 0.222361, 0.001
12, 1000, 1.29071e-05, 1.74533e-10, 0.225908, 0.001
13, 1000, 4.29507e-06, 1.74533e-10, 0.117408, 0.001
14, 1000, 2.5906e-06, 1.74533e-10, 0.0759559, 0.001
15, 1000, 1.91122e-06, 1.74533e-10, 0.0626042, 0.001
16, 1000, 1.68395e-06, 1.74533e-10, 0.0666499, 0.001
17, 1000, 1.61173e-06, 1.74533e-10, 0.0697967, 0.001
18, 1000, 1.61174e-06, 1.74533e-10, 0.0697965, 0.001
19, 1000, 1.61174e-06, 1.74533e-10, 0.0697965, 0.001
20, 1000, 1.61174e-06, 1.74533e-10, 0.0697965, 0.001
21, 1000, 1.61174e-06, 1.74533e-10, 0.0697965, 0.001
22, 1000, 1.61174e-06, 1.74533e-10, 0.0697965, 0.001
23, 1000, 1.61174e-06, 1.74533e-10, 0.0697965, 0.001
24, 1000, 1.61174e-06, 1.74533e-10, 0.0697965, 0.001
25, 1000, 1.61174e-06, 1.74533e-10, 0.0697965, 0.001
26, 1000, 1.61174e-06, 1.74533e-10, 0.0697965, 0.001
27, 1000, 1.61174e-06, 1.74533e-10, 0.0697965, 0.001
28, 1000, 1.61174e-06, 1.74533e-10, 0.0697965, 0.001
29, 1000, 1.61174e-06, 1.74533e-10, 0.0697965, 0.001
30, 1000, 1.61174e-06, 1.74533e-10, 0.0697965, 0.001
31, 1000, 1.61174e-06, 1.74533e-10, 0.0697965, 0.001
32, 1000, 1.61174e-06, 1.74533e-10, 0.0697965, 0.001
33, 1000, 1.61174e-06, 1.74533e-10, 0.0697965, 0.001
34, 1000, 1.61174e-06, 1.74533e-10, 0.0697965, 0.001
35, 1000, 1.61174e-06, 1.74533e-10, 0.0697965, 0.001
36, 1000, 1.61174e-06, 1.74533e-10, 0.0697965, 0.001
37, 1000, 1.61174e-06, 1.74533e-10, 0.0697965, 0.001
38, 1000, 1.61174e-06, 1.74533e-10, 0.0697965, 0.001
39, 1000, 1.61174e-06, 1.74533e-10, 0.0697965, 0.001
40, 1000, 1.61174e-06, 1.74533e-10, 0.0697965, 0.001
41, 1000, 1.61174e-06, 1.74533e-10, 0.0697965, 0.001
42, 1000, 1.61174e-06, 1.74533e-10, 0.0697965, 0.001
43, 1000, 1.61174e-06, 1.74533e-10, 0.0697965, 0.001
44, 1000, 1.61174e-06, 1.74533e-10, 0.0697965, 0.001
45, 1000, 1.61174e-06, 1.74533e-10, 0.0697965, 0.001
46, 1000, 1.61174e-06, 1.74533e-10, 0.0697965, 0.001
47, 1000, 1.61174e-06, 1.74533e-10, 0.0697965, 0.001
48, 1000, 1.61174e-06, 1.74533e-10, 0.0697965, 0.001
49, 1000, 1.61174e-06, 1.74533e-10, 0.0697965, 0.001
50, 1000, 1.61174e-06, 1.74533e-10, 0.0697965, 0.001
51, 1000, 1.61174e-06, 1.74533e-10, 0.0697965, 0.001
52, 1000, 1.61174e-06, 1.74533e-10, 0.0697965, 0.001
53, 1000, 1.61174e-06, 1.74533e-10, 0.0697965, 0.001
54, 1000, 1.61174e-06, 1.74533e-10, 0.0697965, 0.001
55, 1000, 1.61174e-06, 1.74533e-10, 0.0697965, 0.001
56, 1000, 1.61174e-06, 1.74533e-10, 0.0697965, 0.001
57, 1000, 1.61174e-06, 1.74533e-10, 0.0697965, 0.001
58, 1000, 1.61174e-06, 1.74533e-10, 0.0697965, 0.001
59, 1000, 1.61174e-06, 1.74533e-10, 0.0697965, 0.001
60, 1000, 1.61174e-06, 1.74533e-10, 0.0697965, 0.001
61, 1000, 1.61174e-06, 1.74533e-10, 0.0697965, 0.001
62, 1000, 1.61174e-06, 1.74533e-10, 0.0697965, 0.001
63, 1000, 1.61174e-06, 1.74533e-10, 0.0697965, 0.001
64, 1000, 1.61174e-06, 1.74533e-10, 0.0697965, 0.001
65, 1000, 1.61174e-06, 1.74533e-10, 0.0697965, 0.001
66, 1000, 1.61174e-06, 1.74533e-10, 0.0697965, 0.001
67, 1000, 1.61174e-06, 1.74533e-10, 0.0697965, 0.001
68, 1000, 1.61174e-06, 1.74533e-10, 0.0697965, 0.001
69, 1000, 1.61174e-06, 1.74533e-10, 0.0697965, 0.001
70, 1000, 1.61174e-06, 1.74533e-10, 0.0697965, 0.001
71, 1000, 1.61174e-06, 1.74533e-10, 0.0697965, 0.001
72, 1000, 1.61174e-06, 1.74533e-10, 0.0697965, 0.001
73, 1000, 1.61174e-06, 1.74533e-10, 0.0697965, 0.001
74, 1000, 1.61174e-06, 1.74533e-10, 0.0697965, 0.001
75, 1000, 1.61174e-06, 1.74533e-10, 0.0697965, 0.001
76, 1000, 1.61174e-06, 1.74533e-10, 0.0697965, 0.001
77, 1000, 1.61174e-06, 1.74533e-10, 0.0697965, 0.001
78, 1000, 1.61174e-06, 1.74533e-10, 0.0697965, 0.001
79, 1000, 1.61174e-06, 1.74533e-10, 0.0697965, 0.001
80, 1000, 1.61174e-06, 1.74533e-10, 0.0697965, 0.001
81, 1000, 1.61174e-06, 1.74533e-10, 0.0697965, 0.001
82, 1000, 1.61174e-06, 1.74533e-10, 0.0697965, 0.001
83, 1000, 1.61174e-06, 1.74533e-10, 0.0697965, 0.001
84, 1000, 1.61174e-06, 1.74533e-10, 0.0697965, 0.001
85, 1000, 1.61174e-06, 1.74533e-10, 0.0697965, 0.001
86, 1000, 1.61174e-06, 1.74533e-10, 0.0697965, 0.001
87, 1000, 1.61174e-06, 1.74533e-10, 0.0697965, 0.001
88, 1000, 1.61174e-06, 1.74533e-10, 0.0697965, 0.001
89, 1000, 1.61174e-06, 1.74533e-10, 0.0697965, 0.001
90, 1000, 1.61174e-06, 1.74533e-10, 0.0697965, 0.001
91, 1000, 1.61174e-06, 1.74533e-10, 0.0697965, 0.001
92, 1000, 1.61174e-06, 1.74533e-10, 0.0697965, 0.001
93, 1000, 1.61174e-06, 1.74533e-10, 0.0697965, 0.001
94, 1000, 1.61174e-06, 1.74533e-10, 0.0697965, 0.001
95, 1000, 1.61174e-06, 1.74533e-10, 0.0697965, 0.001
96, 1000, 1.61174e-06, 1.74533e-10, 0.0697965, 0.001
97, 1000, 1.61174e-06, 1.74533e-10, 0.0697965, 0.001
98, 1000, 1.61174e-06, 1.74533e-10, 0.0697965, 0.001
99, 1000, 1.61174e-06, 1.74533e-10, 0.0697965, 0.001
100, 1000, 1.61174e-06, 1.74533e-10, 0.0697965, 0.001
101, 1000, 1.61174e-06, 1.74533e-10, 0.0697965, 0.001
102, 1000, 1.61174e-06, 1.74533e-10, 0.0697965, 0.001
103, 1000, 1.61174e-06, 1.74533e-10, 0.0697965, 0.001
104, 1000, 1.61174e-06, 1.74533e-10, 0.0697965, 0.001
105, 1000, 1.61174e-06, 1.74533e-10, 0.0697965, 0.001
106, 1000, 1.61174e-06, 1.74533e-10, 0.0697965, 0.001
107, 1000, 1.61174e-06, 1.74533e-10, 0.0697965, 0.001
108, 1000, 1.61174e-06, 1.74533e-10, 0.0697965, 0.001
109, 1000, 1.61174e-06, 1.74533e-10, 0.0697965, 0.001
110, 1000, 1.61174e-06, 1.74533e-10, 0.0697965, 0.001
111, 1000, 1.61174e-06, 1.74533e-10, 0.0697965, 0.001
112, 1000, 1.61174e-06, 1.74533e-10, 0.0697965, 0.001
113, 1000, 1.61174e-06, 1.74533e-10, 0.0697965, 0.001
114, 1000, 1.61174e-06, 1.74533e-10, 0.0697965, 0.001
115, 1000, 1.61174e-06, 1.74533e-10, 0.0697965, 0.001
116, 1000, 1.61174e-06, 1.74533e-10, 0.0697965, 0.001
117, 1000, 1.61174e-06, 1.74533e-10, 0.0697965, 0.001
118, 1000, 1.61174e-06, 1.74533e-10, 0.0697965, 0.001
119, 1000, 1.61174e-06, 1.74533e-10, 0.0697965, 0.001
120, 1000, 1.61174e-06, 1.74533e-10, 0.0697965, 0.001
121, 1000, 1.61174e-06, 1.74533e-10, 0.0697965, 0.001
122, 1000, 1.61174e-06, 1.74533e-10, 0.0697965, 0.001
123, 1000, 1.61174e-06, 1.74533e-10, 0.0697965, 0.001
124, 1000, 1.61174e-06, 1.74533e-10, 0.0697965, 0.001
125, 1000, 1.61174e-06, 1.74533e-10, 0.0697965, 0.001
126, 1000, 1.61174e-06, 1.74533e-10, 0.0697965, 0.001
127, 1000, 1.61174e-06, 1.74533e-10, 0.0697965, 0.001
128, 1000, 1.61174e-06, 1.74533e-10, 0.0697965, 0.001
129, 1000, 1.61174e-06, 1.74533e-10, 0.0697965, 0.001
130, 1000, 1.61174e-06, 1.74533e-10, 0.0697965, 0.001
131, 1000, 1.61174e-06, 1.74533e-10, 0.0697965, 0.001
132, 1000, 1.61174e-06, 1.74533e-10, 0.0697965, 0.001
133, 1000, 1.61174e-06, 1.74533e-10, 0.0697965, 0.001
134, 1000, 1.61174e-06, 1.74533e-10, 0.0697965, 0.001
135, 1000, 1.61174e-06, 1.74533e-10, 0.0697965, 0.001
136, 1000, 1.61174e-06, 1.74533e-10, 0.0697965, 0.001
137, 1000, 1.61174e-06, 1.74533e-10, 0.0697965, 0.001
138, 1000, 1.61174e-06, 1.74533e-10, 0.0697965, 0.001
139, 1000, 1.61174e-06, 1.74533e-10, 0.0697965, 0.001
140, 1000, 1.61174e-06, 1.74533e-10, 0.0697965, 0.001
141, 1000, 1.61174e-06, 1.74533e-10, 0.0697965, 0.001
142, 1000, 1.61174e-06, 1.74533e-10, 0.0697965, 0.001
143, 1000, 1.61174e-06, 1.74533e-10, 0.0697965, 0.001
144, 1000, 1.61174e-06, 1.74533e-10, 0.0697965, 0.001
145, 1000, 1.61174e-06, 1.74533e-10, 0.0697965, 0.001
146, 1000, 1.61174e-06, 1.74533e-10, 0.0697965, 0.001
147, 1000, 1.61174e-06, 1.74533e-10, 0.0697965, 0.001
148, 1000, 1.61174e-06, 1.74533e-10, 0.0697965, 0.001
149, 1000, 1.61174e-06, 1.74533e-10, 0.0697965, 0.001
150, 1000, 1.61174e-06, 1.74533e-10, 0.0697965, 0.001
151, 1000, 1.61174e-06, 1.74533e-10, 0.0697965, 0.001
152, 1000, 1.61174e-06, 1.74533e-10, 0.0697965, 0.001
153, 1000, 1.61174e-06, 1.74533e-10, 0.0697965, 0.001
154, 1000, 1.61174e-06, 1.74533e-10, 0.0697965, 0.001
155, 1000, 1.61174e-06, 1.74533e-10, 0.0697965, 0.001
156, 1000, 1.61174e-06, 1.74533e-10, 0.0697965, 0.001
157, 1000, 1.61174e-06, 1.74533e-10, 0.0697965, 0.001
158, 1000, 1.61174e-06, 1.74533e-10, 0.0697965, 0.001
159, 1000, 1.61174e-06, 1.74533e-10, 0.0697965, 0.001
160, 1000, 1.61174e-06, 1.74533e-10, 0.0697965, 0.001
161, 1000, 1.61174e-06, 1.74533e-10, 0.0697965, 0.001
162, 1000, 1.61174e-06, 1.74533e-10, 0.0697965, 0.001
163, 1000, 1.61174e-06, 1.74533e-10, 0.0697965, 0.001
164, 1000, 1.61174e-06, 1.74533e-10, 0.0697965, 0.001
165, 1000, 1.61174e-06, 1.74533e-10, 0.0697965, 0.001
166, 1000, 1.61174e-06, 1.74533e-10, 0.0697965, 0.001
167, 1000, 1.61174e-06, 1.74533e-10, 0.0697965, 0.001
168, 1000, 1.61174e-06, 1.74533e-10, 0.0697965, 0.001
169, 1000, 1.61174e-06, 1.74533e-10, 0.0697965, 0.001
170, 1000, 1.61174e-06, 1.74533e-10, 0.0697965, 0.001
171, 1000, 1.61174e-06, 1.74533e-10, 0.0697965, 0.001
172, 1000, 1.61174e-06, 1.74533e-10, 0.0697965, 0.001
173, 1000, 1.61174e-06, 1.74533e-10, 0.0697965, 0.001
174, 1000, 1.61174e-06, 1.74533e-10, 0.0697965, 0.001
175, 1000, 1.61174e-06, 1.74533e-10, 0.0697965, 0.001
176, 1000, 1.61174e-06, 1.74533e-10, 0.0697965, 0.001
177, 1000, 1.61174e-06, 1.74533e-10, 0.0697965, 0.001
178, 1000, 1.61174e-06, 1.74533e-10, 0.0697965, 0.001
179, 1000, 1.61174e-06, 1.74533e-10, 0.0697965, 0.001
180, 1000, 1.61174e-06, 1.74533e-10, 0.0697965, 0.001
181, 1000, 1.61174e-06, 1.74533e-10, 0.0697965, 0.001
182, 1000, 1.61174e-06, 1.74533e-10, 0.0697965, 0.001
183, 1000, 1.61174e-06, 1.74533e-10, 0.0697965, 0.001
184, 1000, 1.61174e-06, 1.74533e-10, 0.0697965, 0.001
185, 1000, 1.61174e-06, 1.74533e-10, 0.0697965, 0.001
186, 1000, 1.61174e-06, 1.74533e-10, 0.0697965, 0.001
187, 1000, 1.61174e-06, 1.74533e-10, 0.0697965, 0.001
188, 1000, 1.61174e-06, 1.74533e-10, 0.0697965, 0.001
189, 1000, 1.61174e-06, 1.74533e-10, 0.0697965, 0.001
190, 1000, 1.61174e-06, 1.74533e-10, 0.0697965, 0.001
191, 1000, 1.61174e-06, 1.74533e-10, 0.0697965, 0.001
192, 1000, 1.61174e-06, 1.74533e-10, 0.0697965, 0.001
193, 1000, 1.61174e-06, 1.74533e-10, 0.0697965, 0.001
194, 1000, 1.61174e-06, 1.74533e-10, 0.0697965, 0.001
195, 1000, 1.61174e-06, 1.74533e-10, 0.0697965, 0.001
196, 1000, 1.61174e-06, 1.74533e-10, 0.0697965, 0.001
197, 1000, 1.61174e-06, 1.74533e-10, 0.0697965, 0.001
198, 1000, 1.61174e-06, 1.74533e-10, 0.0697965, 0.001
199, 1000, 1.61174e-06, 1.74533e-10, 0.0697965, 0.001
200, 1000, 1.61174e-06, 1.74533e-10, 0.0697965, 0.001
201, 1000, 1.61174e-06, 1.74533e-10, 0.0697965, 0.001
202, 1000, 1.61174e-06, 1.74533e-10, 0.0697965, 0.001
203, 1000, 1.61174e-06, 1.74533e-10, 0.0697965, 0.001
204, 1000, 1.61174e-06, 1.74533e-10, 0.0697965, 0.001
205, 1000, 1.61174e-06, 1.74533e-10, 0.0697965, 0.001
206, 1000, 1.61174e-06, 1.74533e-10, 0.0697965, 0.001
207, 1000, 1.61174e-06, 1.74533e-10, 0.0697965, 0.001
208, 1000, 1.61174e-06, 1.74533e-10, 0.0697965, 0.001
209, 1000, 1.61174e-06, 1.74533e-10, 0.0697965, 0.001
210, 1000, 1.61174e-06, 1.74533e-10, 0.0697965, 0.001
211, 1000, 1.61174e-06, 1.74533e-10, 0.0697965, 0.001
212, 1000, 1.61174e-06, 1.74533e-10, 0.0697965, 0.001
213, 1000, 1.61174e-06, 1.74533e-10, 0.0697965, 0.001
214, 1000, 1.61174e-06, 1.74533e-10, 0.0697965, 0.001
215, 1000, 1.61174e-06, 1.74533e-10, 0.0697965, 0.001
216, 1000, 1.61174e-06, 1.74533e-10, 0.0697965, 0.001
217, 1000, 1.61174e-06, 1.74533e-10, 0.0697965, 0.001
218, 1000, 1.61174e-06, 1.74533e-10, 0.0697965, 0.001
219, 1000, 1.61174e-06, 1.74533e-10, 0.0697965, 0.001
220, 1000, 1.61174e-06, 1.74533e-10, 0.0697965, 0.001
221, 1000, 1.61174e-06, 1.74533e-10, 0.0697965, 0.001
222, 1000, 1.61174e-06, 1.74533e-10, 0.0697965, 0.001
223, 1000, 1.61174e-06, 1.74533e-10, 0.0697965, 0.001
224, 1000, 1.61174e-06, 1.74533e-10, 0.0697965, 0.001
225, 1000, 1.61174e-06, 1.74533e-10, 0.0697965, 0.001
226, 1000, 1.61174e-06, 1.74533e-10, 0.0697965, 0.001
227, 1000, 1.61174e-06, 1.74533e-10, 0.0697965, 0.001
228, 1000, 1.61174e-06, 1.74533e-10, 0.0697965, 0.001
229, 1000, 1.61174e-06, 1.74533e-10, 0.0697965, 0.001
230, 1000, 1.61174e-06, 1.74533e-10, 0.0697965, 0.001
231, 1000, 1.61174e-06, 1.74533e-10, 0.0697965, 0.001
232, 1000, 1.61174e-06, 1.74533e-10, 0.0697965, 0.001
233, 1000, 1.61174e-06, 1.74533e-10, 0.0697965, 0.001
234, 1000, 1.61174e-06, 1.74533e-10, 0.0697965, 0.001
235, 1000, 1.61174e-06, 1.74533e-10, 0.0697965, 0.001
236, 1000, 1.61174e-06, 1.74533e-10, 0.0697965, 0.001
237, 1000, 1.61174e-06, 1.74533e-10, 0.0697965, 0.001
238, 1000, 1.61174e-06, 1.74533e-10, 0.0697965, 0.001
239, 1000, 1.61174e-06, 1.74533e-10, 0.0697965, 0.001
240, 1000, 1.61174e-06, 1.74533e-10, 0.0697965, 0.001
241, 1000, 1.61174e-06, 1.74533e-10, 0.0697965, 0.001
242, 1000, 1.61174e-06, 1.74533e-10, 0.0697965, 0.001
243, 1000, 1.61174e-06, 1.74533e-10, 0.0697965, 0.001
244, 1000, 1.61174e-06, 1.74533e-10, 0.0697965, 0.001
245, 1000, 1.61174e-06, 1.74533e-10, 0.0697965, 0.001
246, 1000, 1.61174e-06, 1.74533e-10, 0.0697965, 0.001
247, 1000, 1.61174e-06, 1.74533e-10, 0.0697965, 0.001
248, 1000, 1.61174e-06, 1.74533e-10, 0.0697965, 0.001
249, 1000, 1.61174e-06, 1.74533e-10, 0.0697965, 0.001
250, 1000, 1.61174e-06, 1.74533e-10, 0.0697965, 0.001
251, 1000, 1.61174e-06, 1.74533e-10, 0.0697965, 0.001
252, 1000, 1.61174e-06, 1.74533e-10, 0.0697965, 0.001
253, 1000, 1.61174e-06, 1.74533e-10, 0.0697965, 0.001
254, 1000, 1.61174e-06, 1.74533e-10, 0.0697965, 0.001
255, 1000, 1.61174e-06, 1.74533e-10, 0.0697965, 0.001
256, 1000, 1.61174e-06, 1.74533e-10, 0.0697965, 0.001
257, 1000, 1.61174e-06, 1.74533e-10, 0.0697965, 0.001
258, 1000, 1.61174e-06, 1.74533e-10, 0.0697965, 0.001
259, 1000, 1.61174e-06, 1.74533e-10, 0.0697965, 0.001
260, 1000, 1.61174e-06, 1.74533e-10, 0.0697965, 0.001
261, 1000, 1.61174e-06, 1.74533e-10, 0.0697965, 0.001
262, 1000, 1.61174e-06, 1.74533e-10, 0.0697965, 0.001
263, 1000, 1.61174e-06, 1.74533e-10, 0.0697965, 0.001
264, 1000, 1.61174e-06, 1.74533e-10, 0.0697965, 0.001
265, 1000, 1.61174e-06, 1.74533e-10, 0.0697965, 0.001
266, 1000, 1.61174e-06, 1.74533e-10, 0.0697965, 0.001
267, 1000, 1.61174e-06, 1.74533e-10, 0.0697965, 0.001
268, 1000, 1.61174e-06, 1.74533e-10, 0.0697965, 0.001
269, 1000, 1.61174e-06, 1.74533e-10, 0.0697965, 0.001
270, 1000, 1.61174e-06, 1.74533e-10, 0.0697965, 0.001
271, 1000, 1.61174e-06, 1.74533e-10, 0.0697965, 0.001
272, 1000, 1.61174e-06, 1.74533e-10, 0.0697965, 0.001
273, 1000, 1.61174e-06, 1.74533e-10, 0.0697965, 0.001
274, 1000, 1.61174e-06, 1.74533e-10, 0.0697965, 0.001
275, 1000, 1.61174e-06, 1.74533e-10, 0.0697965, 0.001
276, 1000, 1.61174e-06, 1.74533e-10, 0.0697965, 0.001
277, 1000, 1.61174e-06, 1.74533e-10, 0.0697965, 0.001
278, 1000, 1.61174e-06, 1.74533e-10, 0.0697965, 0.001
279, 1000, 1.61174e-06, 1.74533e-10, 0.0697965, 0.001
280, 1000, 1.61174e-06, 1.74533e-10, 0.0697965, 0.001
281, 1000, 1.61174e-06, 1.74533e-10, 0.0697965, 0.001
282, 1000, 1.61174e-06, 1.74533e-10, 0.0697965, 0.001
283, 1000, 1.61174e-06, 1.74533e-10, 0.0697965, 0.001
284, 1000, 1.61174e-06, 1.74533e-10, 0.0697965, 0.001
285, 1000, 1.61174e-06, 1.74533e-10, 0.0697965, 0.001
286, 1000, 1.61174e-06, 1.74533e-10, 0.0697965, 0.001
287, 1000, 1.61174e-06, 1.74533e-10, 0.0697965, 0.001
288, 1000, 1.61174e-06, 1.74533e-10, 0.0697965, 0.001
289, 1000, 1.61174e-06, 1.74533e-10, 0.0697965, 0.001
290, 1000, 1.61174e-06, 1.74533e-10, 0.0697965, 0.001
291, 1000, 1.61174e-06, 1.74533e-10, 0.0697965, 0.001
292, 1000, 1.61174e-06, 1.74533e-10, 0.0697965, 0.001
293, 1000, 1.61174e-06, 1.74533e-10, 0.0697965, 0.001
294, 1000, 1.61174e-06, 1.74533e-10, 0.0697965, 0.001
295, 1000, 1.61174e-06, 1.74533e-10, 0.0697965, 0.001
296, 1000, 1.61174e-06, 1.74533e-10, 0.0697965, 0.001
297, 1000, 1.61174e-06, 1.74533e-10, 0.0697965, 0.001
298, 1000, 1.61174e-06, 1.74533e-10, 0.0697965, 0.001
299, 1000, 1.61174e-06, 1.74533e-10, 0.0697965, 0.001
300, 1000, 1.61174e-06, 1.74533e-10, 0.0697965, 0.001
301, 1000, 1.61174e-06, 1.74533e-10, 0.0697965, 0.001
302, 1000, 1.61174e-06, 1.74533e-10, 0.0697965, 0.001
303, 1000, 1.61174e-06, 1.74533e-10, 0.0697965, 0.001
304, 1000, 1.61174e-06, 1.74533e-10, 0.0697965, 0.001
305, 1000, 1.61174e-06, 1.74533e-10, 0.0697965, 0.001
306, 1000, 1.61174e-06, 1.74533e-10, 0.0697965, 0.001
307, 1000, 1.61174e-06, 1.74533e-10, 0.0697965, 0.001
308, 1000, 1.61174e-06, 1.74533e-10, 0.0697965, 0.001
309, 1000, 1.61174e-06, 1.74533e-10, 0.0697965, 0.001
310, 1000, 1.61174e-06, 1.74533e-10, 0.0697965, 0.001
311, 1000, 1.61174e-06, 1.74533e-10, 0.0697965, 0.001
312, 1000, 1.61174e-06, 1.74533e-10, 0.0697965, 0.001
313, 1000, 1.61174e-06, 1.74533e-10, 0.0697965, 0.001
314, 1000, 1.61174e-06, 1.74533e-10, 0.0697965, 0.001
315, 1000, 1.61174e-06, 1.74533e-10, 0.0697965, 0.001
316, 1000, 1.61174e-06, 1.74533e-10, 0.0697965, 0.001
317, 1000, 1.61174e-06, 1.74533e-10, 0.0697965, 0.001
318, 1000, 1.61174e-06, 1.74533e-10, 0.0697965, 0.001
319, 1000, 1.61174e-06, 1.74533e-10, 0.0697965, 0.001
320, 1000, 1.61174e-06, 1.74533e-10, 0.0697965, 0.001
321, 1000, 1.61174e-06, 1.74533e-10, 0.0697965, 0.001
322, 1000, 1.61174e-06, 1.74533e-10, 0.0697965, 0.001
323, 1000, 1.61174e-06, 1.74533e-10, 0.0697965, 0.001
324, 1000, 1.61174e-06, 1.74533e-10, 0.0697965, 0.001
325, 1000, 1.61174e-06, 1.74533e-10, 0.0697965, 0.001
326, 1000, 1.61174e-06, 1.74533e-10, 0.0697965, 0.001
327, 1000, 1.61174e-06, 1.74533e-10, 0.0697965, 0.001
328, 1000, 1.61174e-06, 1.74533e-10, 0.0697965, 0.001
329, 1000, 1.61174e-06, 1.74533e-10, 0.0697965, 0.001
330, 1000, 1.61174e-06, 1.74533e-10, 0.0697965, 0.001
331, 1000, 1.61174e-06, 1.74533e-10, 0.0697965, 0.001
332, 1000, 1.61174e-06, 1.74533e-10, 0.0697965, 0.001
333, 1000, 1.61174e-06, 1.74533e-10, 0.0697965, 0.001
334, 1000, 1.61174e-06, 1.74533e-10, 0.0697965, 0.001
335, 1000, 1.61174e-06, 1.74533e-10, 0.0697965, 0.001
336, 1000, 1.61174e-06, 1.74533e-10, 0.0697965, 0.001
337, 1000, 1.61174e-06, 1.74533e-10, 0.0697965, 0.001
338, 1000, 1.61174e-06, 1.74533e-10, 0.0697965, 0.001
339, 1000, 1.61174e-06, 1.74533e-10, 0.0697965, 0.001
340, 1000, 1.61174e-06, 1.74533e-10, 0.0697965, 0.001
341, 1000, 1.61174e-06, 1.74533e-10, 0.0697965, 0.001
342, 1000, 1.61174e-06, 1.74533e-10, 0.0697965, 0.001
343, 1000, 1.61174e-06, 1.74533e-10, 0.0697965, 0.001
344, 1000, 1.61174e-06, 1.74533e-10, 0.0697965, 0.001
345, 1000, 1.61174e-06, 1.74533e-10, 0.0697965, 0.001
346, 1000, 1.61174e-06, 1.74533e-10, 0.0697965, 0.001
347, 1000, 1.61174e-06, 1.74533e-10, 0.0697965, 0.001
348, 1000, 1.61174e-06, 1.74533e-10, 0.0697965, 0.001
349, 1000, 1.61174e-06, 1.74533e-10, 0.0697965, 0.001
350, 1000, 1.61174e-06, 1.74533e-10, 0.0697965, 0.001
351, 1000, 1.61174e-06, 1.74533e-10, 0.0697965, 0.001
352, 1000, 1.61174e-06, 1.74533e-10, 0.0697965, 0.001
353, 1000, 1.61174e-06, 1.74533e-10, 0.0697965, 0.001
354, 1000, 1.61174e-06, 1.74533e-10, 0.0697965, 0.001
355, 1000, 1.61174e-06, 1.74533e-10, 0.0697965, 0.001
356, 1000, 1.61174e-06, 1.74533e-10, 0.0697965, 0.001
357, 1000, 1.61174e-06, 1.74533e-10, 0.0697965, 0.001
358, 1000, 1.61174e-06, 1.74533e-10, 0.0697965, 0.001
359, 1000, 1.61174e-06, 1.74533e-10, 0.0697965, 0.001
360, 1000, 1.61174e-06, 1.74533e-10, 0.0697965, 0.001
361, 1000, 1.61174e-06, 1.74533e-10, 0.0697965, 0.001
362, 1000, 1.61174e-06, 1.74533e-10, 0.0697965, 0.001
363, 1000, 1.61174e-06, 1.74533e-10, 0.0697965, 0.001
364, 1000, 1.61174e-06, 1.74533e-10, 0.0697965, 0.001
365, 1000, 1.61174e-06, 1.74533e-10, 0.0697965, 0.001
366, 1000, 1.61174e-06, 1.74533e-10, 0.0697965, 0.001
367, 1000, 1.61174e-06, 1.74533e-10, 0.0697965, 0.001
368, 1000, 1.61174e-06, 1.74533e-10, 0.0697965, 0.001
369, 1000, 1.61174e-06, 1.74533e-10, 0.0697965, 0.001
370, 1000, 1.61174e-06, 1.74533e-10, 0.0697965, 0.001
371, 1000, 1.61174e-06, 1.74533e-10, 0.0697965, 0.001
372, 1000, 1.61174e-06, 1.74533e-10, 0.0697965, 0.001
373, 1000, 1.61174e-06, 1.74533e-10, 0.0697965, 0.001
374, 1000, 1.61174e-06, 1.74533e-10, 0.0697965, 0.001
375, 1000, 1.61174e-06, 1.74533e-10, 0.0697965, 0.001
376, 1000, 1.61174e-06, 1.74533e-10, 0.0697965, 0.001
377, 1000, 1.61174e-06, 1.74533e-10, 0.0697965, 0.001
378, 1000, 1.61174e-06, 1.74533e-10, 0.0697965, 0.001
379, 1000, 1.61174e-06, 1.74533e-10, 0.0697965, 0.001
380, 1000, 1.61174e-06, 1.74533e-10, 0.0697965, 0.001
381, 1000, 1.61174e-06, 1.74533e-10, 0.0697965, 0.001
382, 1000, 1.61174e-06, 1.74533e-10, 0.0697965, 0.001
383, 1000, 1.61174e-06, 1.74533e-10, 0.0697965, 0.001
384, 1000, 1.61174e-06, 1.74533e-10, 0.0697965, 0.001
385, 1000, 1.61174e-06, 1.74533e-10, 0.0697965, 0.001
386, 1000, 1.61174e-06, 1.74533e-10, 0.0697965, 0.001
387, 1000, 1.61174e-06, 1.74533e-10, 0.0697965, 0.001
388, 1000, 1.61174e-06, 1.74533e-10, 0.0697965, 0.001
389, 1000, 1.61174e-06, 1.74533e-10, 0.0697965, 0.001
390, 1000, 1.61174e-06, 1.74533e-10, 0.0697965, 0.001
391, 1000, 1.61174e-06, 1.74533e-10, 0.0697965, 0.001
392, 1000, 1.61174e-06, 1.74533e-10, 0.0697965, 0.001
393, 1000, 1.61174e-06, 1.74533e-10, 0.0697965, 0.001
394, 1000, 1.61174e-06, 1.74533e-10, 0.0697965, 0.001
395, 1000, 1.61174e-06, 1.74533e-10, 0.0697965, 0.001
396, 1000, 1.61174e-06, 1.74533e-10, 0.0697965, 0.001
397, 1000, 1.61174e-06, 1.74533e-10, 0.0697965, 0.001
398, 1000, 1.61174e-06, 1.74533e-10, 0.0697965, 0.001
399, 1000, 1.61174e-06, 1.74533e-10, 0.0697965, 0.001
400, 1000, 1.61174e-06, 1.74533e-10, 0.0697965, 0.001
401, 1000, 1.61174e-06, 1.74533e-10, 0.0697965, 0.001
402, 1000, 1.61174e-06, 1.74533e-10, 0.0697965, 0.001
403, 1000, 1.61174e-06, 1.74533e-10, 0.0697965, 0.001
404, 1000, 1.61174e-06, 1.74533e-10, 0.0697965, 0.001
405, 1000, 1.61174e-06, 1.74533e-10, 0.0697965, 0.001
406, 1000, 1.61174e-06, 1.74533e-10, 0.0697965, 0.001
407, 1000, 1.61174e-06, 1.74533e-10, 0.0697965, 0.001
408, 1000, 1.61174e-06, 1.74533e-10, 0.0697965, 0.001
409, 1000, 1.61174e-06, 1.74533e-10, 0.0697965, 0.001
410, 1000, 1.61174e-06, 1.74533e-10, 0.0697965, 0.001
411, 1000, 1.61174e-06, 1.74533e-10, 0.0697965, 0.001
412, 1000, 1.61174e-06, 1.74533e-10, 0.0697965, 0.001
413, 1000, 1.61174e-06, 1.74533e-10, 0.0697965, 0.001
414, 1000, 1.61174e-06, 1.74533e-10, 0.0697965, 0.001
415, 1000, 1.61174e-06, 1.74533e-10, 0.0697965, 0.001
416, 1000, 1.61174e-06, 1.74533e-10, 0.0697965, 0.001
417, 1000, 1.61174e-06, 1.74533e-10, 0.0697965, 0.001
418, 1000, 1.61174e-06, 1.74533e-10, 0.0697965, 0.001
419, 1000, 1.61174e-06, 1.74533e-10, 0.0697965, 0.001
420, 1000, 1.61174e-06, 1.74533e-10, 0.0697965, 0.001
421, 1000, 1.61174e-06, 1.74533e-10, 0.0697965, 0.001
422, 1000, 1.61174e-06, 1.74533e-10, 0.0697965, 0.001
423, 1000, 1.61174e-06, 1.74533e-10, 0.0697965, 0.001
424, 1000, 1.61174e-06, 1.74533e-10, 0.0697965, 0.001
425, 1000, 1.61174e-06, 1.74533e-10, 0.0697965, 0.001
426, 1000, 1.61174e-06, 1.74533e-10, 0.0697965, 0.001
427, 1000, 1.61174e-06, 1.74533e-10, 0.0697965, 0.001
428, 1000, 1.61174e-06, 1.74533e-10, 0.0697965, 0.001
429, 1000, 1.61174e-06, 1.74533e-10, 0.0697965, 0.001
430, 1000, 1.61174e-06, 1.74533e-10, 0.0697965, 0.001
431, 1000, 1.61174e-06, 1.74533e-10, 0.0697965, 0.001
432, 1000, 1.61174e-06, 1.74533e-10, 0.0697965, 0.001
433, 1000, 1.61174e-06, 1.74533e-10, 0.0697965, 0.001
434, 1000, 1.61174e-06, 1.74533e-10, 0.0697965, 0.001
435, 1000, 1.61174e-06, 1.74533e-10, 0.0697965, 0.001
436, 1000, 1.61174e-06, 1.74533e-10, 0.0697965, 0.001
437, 1000, 1.61174e-06, 1.74533e-10, 0.0697965, 0.001
438, 1000, 1.61174e-06, 1.74533e-10, 0.0697965, 0.001
439, 1000, 1.61174e-06, 1.74533e-10, 0.0697965, 0.001
440, 1000, 1.61174e-06, 1.74533e-10, 0.0697965, 0.001
441, 1000, 1.61174e-06, 1.74533e-10, 0.0697965, 0.001
442, 1000, 1.61174e-06, 1.74533e-10, 0.0697965, 0.001
443, 1000, 1.61174e-06, 1.74533e-10, 0.0697965, 0.001
444, 1000, 1.61174e-06, 1.74533e-10, 0.0697965, 0.001
445, 1000, 1.61174e-06, 1.74533e-10, 0.0697965, 0.001
446, 1000, 1.61174e-06, 1.74533e-10, 0.0697965, 0.001
447, 1000, 1.61174e-06, 1.74533e-10, 0.0697965, 0.001
448, 1000, 1.61174e-06, 1.74533e-10, 0.0697965, 0.001
449, 1000, 1.61174e-06, 1.74533e-10, 0.0697965, 0.001
450, 1000, 1.61174e-06, 1.74533e-10, 0.0697965, 0.001
451, 1000, 1.61174e-06, 1.74533e-10, 0.0697965, 0.001
452, 1000, 1.61174e-06, 1.74533e-10, 0.0697965, 0.001
453, 1000, 1.61174e-06, 1.74533e-10, 0.0697965, 0.001
454, 1000, 1.61174e-06, 1.74533e-10, 0.0697965, 0.001
455, 1000, 1.61174e-06, 1.74533e-10, 0.0697965, 0.001
456, 1000, 1.61174e-06, 1.74533e-10, 0.0697965, 0.001
457, 1000, 1.61174e-06, 1.74533e-10, 0.0697965, 0.001
458, 1000, 1.61174e-06, 1.74533e-10, 0.0697965, 0.001
459, 1000, 1.61174e-06, 1.74533e-10, 0.0697965, 0.001
460, 1000, 1.61174e-06, 1.74533e-10, 0.0697965, 0.001
461, 1000, 1.61174e-06, 1.74533e-10, 0.0697965, 0.001
462, 1000, 1.61174e-06, 1.74533e-10, 0.0697965, 0.001
463, 1000, 1.61174e-06, 1.74533e-10, 0.0697965, 0.001
464, 1000, 1.61174e-06, 1.74533e-10, 0.0697965, 0.001
465, 1000, 1.61174e-06, 1.74533e-10, 0.0697965, 0.001
466, 1000, 1.61174e-06, 1.74533e-10, 0.0697965, 0.001
467, 1000, 1.61174e-06, 1.74533e-10, 0.0697965, 0.001
468, 1000, 1.61174e-06, 1.74533e-10, 0.0697965, 0.001
469, 1000, 1.61174e-06, 1.74533e-10, 0.0697965, 0.001
470, 1000, 1.61174e-06, 1.74533e-10, 0.0697965, 0.001
471, 1000, 1.61174e-06, 1.74533e-10, 0.0697965, 0.001
472, 1000, 1.61174e-06, 1.74533e-10, 0.0697965, 0.001
473, 1000, 1.61174e-06, 1.74533e-10, 0.0697965, 0.001
474, 1000, 1.61174e-06, 1.74533e-10, 0.0697965, 0.001
475, 1000, 1.61174e-06, 1.74533e-10, 0.0697965, 0.001
476, 1000, 1.61174e-06, 1.74533e-10, 0.0697965, 0.001
477, 1000, 1.61174e-06, 1.74533e-10, 0.0697965, 0.001
478, 1000, 1.61174e-06, 1.74533e-10, 0.0697965, 0.001
479, 1000, 1.61174e-06, 1.74533e-10, 0.0697965, 0.001
480, 1000, 1.61174e-06, 1.74533e-10, 0.0697965, 0.001
481, 1000, 1.61174e-06, 1.74533e-10, 0.0697965, 0.001
482, 1000, 1.61174e-06, 1.74533e-10, 0.0697965, 0.001
483, 1000, 1.61174e-06, 1.74533e-10, 0.0697965, 0.001
484, 1000, 1.61174e-06, 1.74533e-10, 0.0697965, 0.001
485, 1000, 1.61174e-06, 1.74533e-10, 0.0697965, 0.001
486, 1000, 1.61174e-06, 1.74533e-10, 0.0697965, 0.001
487, 1000, 1.61174e-06, 1.74533e-10, 0.0697965, 0.001
488, 1000, 1.61174e-06, 1.74533e-10, 0.0697965, 0.001
489, 1000, 1.61174e-06, 1.74533e-10, 0.0697965, 0.001
490, 1000, 1.61174e-06, 1.74533e-10, 0.0697965, 0.001
491, 1000, 1.61174e-06, 1.74533e-10, 0.0697965, 0.001
492, 1000, 1.61174e-06, 1.74533e-10, 0.0697965, 0.001
493, 1000, 1.61174e-06, 1.74533e-10, 0.0697965, 0.001
494, 1000, 1.61174e-06, 1.74533e-10, 0.0697965, 0.001
495, 1000, 1.61174e-06, 1.74533e-10, 0.0697965, 0.001
496, 1000, 1.61174e-06, 1.74533e-10, 0.0697965, 0.001
497, 1000, 1.61174e-06, 1.74533e-10, 0.0697965, 0.001
498, 1000, 1.61174e-06, 1.74533e-10, 0.0697965, 0.001
499, 1000, 1.61174e-06, 1.74533e-10, 0.0697965, 0.001
500, 1000, 1.61174e-06, 1.74533e-10, 0.0697965, 0.001
501, 1000, 1.61174e-06, 1.74533e-10, 0.0697965, 0.001
502, 1000, 1.61174e-06, 1.74533e-10, 0.0697965, 0.001
503, 1000, 1.61174e-06, 1.74533e-10, 0.0697965, 0.001
504, 1000, 1.61174e-06, 1.74533e-10, 0.0697965, 0.001
505, 1000, 1.61174e-06, 1.74533e-10, 0.0697965, 0.001
506, 1000, 1.61174e-06, 1.74533e-10, 0.0697965, 0.001
507, 1000, 1.61174e-06, 1.74533e-10, 0.0697965, 0.001
508, 1000, 1.61174e-06, 1.74533e-10, 0.0697965, 0.001
509, 1000, 1.61174e-06, 1.74533e-10, 0.0697965, 0.001
510, 1000, 1.61174e-06, 1.74533e-10, 0.0697965, 0.001
511, 1000, 1.61174e-06, 1.74533e-10, 0.0697965, 0.001
512, 1000, 1.61174e-06, 1.74533e-10, 0.0697965, 0.001
513, 1000, 1.61174e-06, 1.74533e-10, 0.0697965, 0.001
514, 1000, 1.61174e-06, 1.74533e-10, 0.0697965, 0.001
515, 1000, 1.61174e-06, 1.74533e-10, 0.0697965, 0.001
516, 1000, 1.61174e-06, 1.74533e-10, 0.0697965, 0.001
517, 1000, 1.61174e-06, 1.74533e-10, 0.0697965, 0.001
518, 1000, 1.61174e-06, 1.74533e-10, 0.0697965, 0.001
519, 1000, 1.61174e-06, 1.74533e-10, 0.0697965, 0.001
520, 1000, 1.61174e-06, 1.74533e-10, 0.0697965, 0.001
521, 1000, 1.61174e-06, 1.74533e-10, 0.0697965, 0.001
522, 1000, 1.61174e-06, 1.74533e-10, 0.0697965, 0.001
523, 1000, 1.61174e-06, 1.74533e-10, 0.0697965, 0.001
524, 1000, 1.61174e-06, 1.74533e-10, 0.0697965, 0.001
525, 1000, 1.61174e-06, 1.74533e-10, 0.0697965, 0.001
526, 1000, 1.61174e-06, 1.74533e-10, 0.0697965, 0.001
527, 1000, 1.61174e-06, 1.74533e-10, 0.0697965, 0.001
528, 1000, 1.61174e-06, 1.74533e-10, 0.0697965, 0.001
529, 1000, 1.61174e-06, 1.74533e-10, 0.0697965, 0.001
530, 1000, 1.61174e-06, 1.74533e-10, 0.0697965, 0.001
531, 1000, 1.61174e-06, 1.74533e-10, 0.0697965, 0.001
532, 1000, 1.61174e-06, 1.74533e-10, 0.0697965, 0.001
533, 1000, 1.61174e-06, 1.74533e-10, 0.0697965, 0.001
534, 1000, 1.61174e-06, 1.74533e-10, 0.0697965, 0.001
535, 1000, 1.61174e-06, 1.74533e-10, 0.0697965, 0.001
536, 1000, 1.61174e-06, 1.74533e-10, 0.0697965, 0.001
537, 1000, 1.61174e-06, 1.74533e-10, 0.0697965, 0.001
538, 1000, 1.61174e-06, 1.74533e-10, 0.0697965, 0.001
539, 1000, 1.61174e-06, 1.74533e-10, 0.0697965, 0.001
540, 1000, 1.61174e-06, 1.74533e-10, 0.0697965, 0.001
541, 1000, 1.61174e-06, 1.74533e-10, 0.0697965, 0.001
542, 1000, 1.61174e-06, 1.74533e-10, 0.0697965, 0.001
543, 1000, 1.61174e-06, 1.74533e-10, 0.0697965, 0.001
544, 1000, 1.61174e-06, 1.74533e-10, 0.0697965, 0.001
545, 1000, 1.61174e-06, 1.74533e-10, 0.0697965, 0.001
546, 1000, 1.61174e-06, 1.74533e-10, 0.0697965, 0.001
547, 1000, 1.61174e-06, 1.74533e-10, 0.0697965, 0.001
548, 1000, 1.61174e-06, 1.74533e-10, 0.0697965, 0.001
549, 1000, 1.61174e-06, 1.74533e-10, 0.0697965, 0.001
550, 1000, 1.61174e-06, 1.74533e-10, 0.0697965, 0.001
551, 1000, 1.61174e-06, 1.74533e-10, 0.0697965, 0.001
552, 1000, 1.61174e-06, 1.74533e-10, 0.0697965, 0.001
553, 1000, 1.61174e-06, 1.74533e-10, 0.0697965, 0.001
554, 1000, 1.61174e-06, 1.74533e-10, 0.0697965, 0.001
555, 1000, 1.61174e-06, 1.74533e-10, 0.0697965, 0.001
556, 1000, 1.61174e-06, 1.74533e-10, 0.0697965, 0.001
557, 1000, 1.61174e-06, 1.74533e-10, 0.0697965, 0.001
558, 1000, 1.61174e-06, 1.74533e-10, 0.0697965, 0.001
559, 1000, 1.61174e-06, 1.74533e-10, 0.0697965, 0.001
560, 1000, 1.61174e-06, 1.74533e-10, 0.0697965, 0.001
561, 1000, 1.61174e-06, 1.74533e-10, 0.0697965, 0.001
562, 1000, 1.61174e-06, 1.74533e-10, 0.0697965, 0.001
563, 1000, 1.61174e-06, 1.74533e-10, 0.0697965, 0.001
564, 1000, 1.61174e-06, 1.74533e-10, 0.0697965, 0.001
565, 1000, 1.61174e-06, 1.74533e-10, 0.0697965, 0.001
566, 1000, 1.61174e-06, 1.74533e-10, 0.0697965, 0.001
567, 1000, 1.61174e-06, 1.74533e-10, 0.0697965, 0.001
568, 1000, 1.61174e-06, 1.74533e-10, 0.0697965, 0.001
569, 1000, 1.61174e-06, 1.74533e-10, 0.0697965, 0.001
570, 1000, 1.61174e-06, 1.74533e-10, 0.0697965, 0.001
571, 1000, 1.61174e-06, 1.74533e-10, 0.0697965, 0.001
572, 1000, 1.61174e-06, 1.74533e-10, 0.0697965, 0.001
573, 1000, 1.61174e-06, 1.74533e-10, 0.0697965, 0.001
574, 1000, 1.61174e-06, 1.74533e-10, 0.0697965, 0.001
575, 1000, 1.61174e-06, 1.74533e-10, 0.0697965, 0.001
576, 1000, 1.61174e-06, 1.74533e-10, 0.0697965, 0.001
577, 1000, 1.61174e-06, 1.74533e-10, 0.0697965, 0.001
578, 1000, 1.61174e-06, 1.74533e-10, 0.0697965, 0.001
579, 1000, 1.61174e-06, 1.74533e-10, 0.0697965, 0.001
580, 1000, 1.61174e-06, 1.74533e-10, 0.0697965, 0.001
581, 1000, 1.61174e-06, 1.74533e-10, 0.0697965, 0.001
582, 1000, 1.61174e-06, 1.74533e-10, 0.0697965, 0.001
583, 1000, 1.61174e-06, 1.74533e-10, 0.0697965, 0.001
584, 1000, 1.61174e-06, 1.74533e-10, 0.0697965, 0.001
585, 1000, 1.61174e-06, 1.74533e-10, 0.0697965, 0.001
586, 1000, 1.61174e-06, 1.74533e-10, 0.0697965, 0.001
587, 1000, 1.61174e-06, 1.74533e-10, 0.0697965, 0.001
588, 1000, 1.61174e-06, 1.74533e-10, 0.0697965, 0.001
589, 1000, 1.61174e-06, 1.74533e-10, 0.0697965, 0.001
590, 1000, 1.61174e-06, 1.74533e-10, 0.0697965, 0.001
591, 1000, 1.61174e-06, 1.74533e-10, 0.0697965, 0.001
592, 1000, 1.61174e-06, 1.74533e-10, 0.0697965, 0.001
593, 1000, 1.61174e-06, 1.74533e-10, 0.0697965, 0.001
594, 1000, 1.61174e-06, 1.74533e-10, 0.0697965, 0.001
595, 1000, 1.61174e-06, 1.74533e-10, 0.0697965, 0.001
596, 1000, 1.61174e-06, 1.74533e-10, 0.0697965, 0.001
597, 1000, 1.61174e-06, 1.74533e-10, 0.0697965, 0.001
598, 1000, 1.61174e-06, 1.74533e-10, 0.0697965, 0.001
599, 1000, 1.61174e-06, 1.74533e-10, 0.0697965, 0.001
600, 1000, 1.61174e-06, 1.74533e-10, 0.0697965, 0.001
601, 1000, 1.61174e-06, 1.74533e-10, 0.0697965, 0.001
602, 1000, 1.61174e-06, 1.74533e-10, 0.0697965, 0.001
603, 1000, 1.61174e-06, 1.74533e-10, 0.0697965, 0.001
604, 1000, 1.61174e-06, 1.74533e-10, 0.0697965, 0.001
605, 1000, 1.61174e-06, 1.74533e-10, 0.0697965, 0.001
606, 1000, 1.61174e-06, 1.74533e-10, 0.0697965, 0.001
607, 1000, 1.61174e-06, 1.74533e-10, 0.0697965, 0.001
608, 1000, 1.61174e-06, 1.74533e-10, 0.0697965, 0.001
609, 1000, 1.61174e-06, 1.74533e-10, 0.0697965, 0.001
610, 1000, 1.61174e-06, 1.74533e-10, 0.0697965, 0.001
611, 1000, 1.61174e-06, 1.74533e-10, 0.0697965, 0.001
612, 1000, 1.61174e-06, 1.74533e-10, 0.0697965, 0.001
613, 1000, 1.61174e-06, 1.74533e-10, 0.0697965, 0.001
614, 1000, 1.61174e-06, 1.74533e-10, 0.0697965, 0.001
615, 1000, 1.61174e-06, 1.74533e-10, 0.0697965, 0.001
616, 1000, 1.61174e-06, 1.74533e-10, 0.0697965, 0.001
617, 1000, 1.61174e-06, 1.74533e-10, 0.0697965, 0.001
618, 1000, 1.61174e-06, 1.74533e-10, 0.0697965, 0.001
619, 1000, 1.61174e-06, 1.74533e-10, 0.0697965, 0.001
620, 1000, 1.61174e-06, 1.74533e-10, 0.0697965, 0.001
621, 1000, 1.61174e-06, 1.74533e-10, 0.0697965, 0.001
622, 1000, 1.61174e-06, 1.74533e-10, 0.0697965, 0.001
623, 1000, 1.61174e-06, 1.74533e-10, 0.0697965, 0.001
624, 1000, 1.61174e-06, 1.74533e-10, 0.0697965, 0.001
625, 1000, 1.61174e-06, 1.74533e-10, 0.0697965, 0.001
626, 1000, 1.61174e-06, 1.74533e-10, 0.0697965, 0.001
627, 1000, 1.61174e-06, 1.74533e-10, 0.0697965, 0.001
628, 1000, 1.61174e-06, 1.74533e-10, 0.0697965, 0.001
629, 1000, 1.61174e-06, 1.74533e-10, 0.0697965, 0.001
630, 1000, 1.61174e-06, 1.74533e-10, 0.0697965, 0.001
631, 1000, 1.61174e-06, 1.74533e-10, 0.0697965, 0.001
632, 1000, 1.61174e-06, 1.74533e-10, 0.0697965, 0.001
633, 1000, 1.61174e-06, 1.74533e-10, 0.0697965, 0.001
634, 1000, 1.61174e-06, 1.74533e-10, 0.0697965, 0.001
635, 1000, 1.61174e-06, 1.74533e-10, 0.0697965, 0.001
636, 1000, 1.61174e-06, 1.74533e-10, 0.0697965, 0.001
637, 1000, 1.61174e-06, 1.74533e-10, 0.0697965, 0.001
638, 1000, 1.61174e-06, 1.74533e-10, 0.0697965, 0.001
639, 1000, 1.61174e-06, 1.74533e-10, 0.0697965, 0.001
640, 1000, 1.61174e-06, 1.74533e-10, 0.0697965, 0.001
641, 1000, 1.61174e-06, 1.74533e-10, 0.0697965, 0.001
642, 1000, 1.61174e-06, 1.74533e-10, 0.0697965, 0.001
643, 1000, 1.61174e-06, 1.74533e-10, 0.0697965, 0.001
644, 1000, 1.61174e-06, 1.74533e-10, 0.0697965, 0.001
645, 1000, 1.61174e-06, 1.74533e-10, 0.0697965, 0.001
646, 1000, 1.61174e-06, 1.74533e-10, 0.0697965, 0.001
647, 1000, 1.61174e-06, 1.74533e-10, 0.0697965, 0.001
648, 1000, 1.61174e-06, 1.74533e-10, 0.0697965, 0.001
649, 1000, 1.61174e-06, 1.74533e-10, 0.0697965, 0.001
650, 1000, 1.61174e-06, 1.74533e-10, 0.0697965, 0.001
651, 1000, 1.61174e-06, 1.74533e-10, 0.0697965, 0.001
652, 1000, 1.61174e-06, 1.74533e-10, 0.0697965, 0.001
653, 1000, 1.61174e-06, 1.74533e-10, 0.0697965, 0.001
654, 1000, 1.61174e-06, 1.74533e-10, 0.0697965, 0.001
655, 1000, 1.61174e-06, 1.74533e-10, 0.0697965, 0.001
656, 1000, 1.61174e-06, 1.74533e-10, 0.0697965, 0.001
657, 1000, 1.61174e-06, 1.74533e-10, 0.0697965, 0.001
658, 1000, 1.61174e-06, 1.74533e-10, 0.0697965, 0.001
659, 1000, 1.61174e-06, 1.74533e-10, 0.0697965, 0.001
660, 1000, 1.61174e-06, 1.74533e-10, 0.0697965, 0.001
661, 1000, 1.61174e-06, 1.74533e-10, 0.0697965, 0.001
662, 1000, 1.61174e-06, 1.74533e-10, 0.0697965, 0.001
663, 1000, 1.61174e-06, 1.74533e-10, 0.0697965, 0.001
664, 1000, 1.61174e-06, 1.74533e-10, 0.0697965, 0.001
665, 1000, 1.61174e-06, 1.74533e-10, 0.0697965, 0.001
666, 1000, 1.61174e-06, 1.74533e-10, 0.0697965, 0.001
667, 1000, 1.61174e-06, 1.74533e-10, 0.0697965, 0.001
668, 1000, 1.61174e-06, 1.74533e-10, 0.0697965, 0.001
669, 1000, 1.61174e-06, 1.74533e-10, 0.0697965, 0.001
670, 1000, 1.61174e-06, 1.74533e-10, 0.0697965, 0.001
671, 1000, 1.61174e-06, 1.74533e-10, 0.0697965, 0.001
672, 1000, 1.61174e-06, 1.74533e-10, 0.0697965, 0.001
673, 1000, 1.61174e-06, 1.74533e-10, 0.0697965, 0.001
674, 1000, 1.61174e-06, 1.74533e-10, 0.0697965, 0.001
675, 1000, 1.61174e-06, 1.74533e-10, 0.0697965, 0.001
676, 1000, 1.61174e-06, 1.74533e-10, 0.0697965, 0.001
677, 1000, 1.61174e-06, 1.74533e-10, 0.0697965, 0.001
678, 1000, 1.61174e-06, 1.74533e-10, 0.0697965, 0.001
679, 1000, 1.61174e-06, 1.74533e-10, 0.0697965, 0.001
680, 1000, 1.61174e-06, 1.74533e-10, 0.0697965, 0.001
681, 1000, 1.61174e-06, 1.74533e-10, 0.0697965, 0.001
682, 1000, 1.61174e-06, 1.74533e-10, 0.0697965, 0.001
683, 1000, 1.61174e-06, 1.74533e-10, 0.0697965, 0.001
684, 1000, 1.61174e-06, 1.74533e-10, 0.0697965, 0.001
685, 1000, 1.61174e-06, 1.74533e-10, 0.0697965, 0.001
686, 1000, 1.61174e-06, 1.74533e-10, 0.0697965, 0.001
687, 1000, 1.61174e-06, 1.74533e-10, 0.0697965, 0.001
688, 1000, 1.61174e-06, 1.74533e-10, 0.0697965, 0.001
689, 1000, 1.61174e-06, 1.74533e-10, 0.0697965, 0.001
690, 1000, 1.61174e-06, 1.74533e-10, 0.0697965, 0.001
691, 1000, 1.61174e-06, 1.74533e-10, 0.0697965, 0.001
692, 1000, 1.61174e-06, 1.74533e-10, 0.0697965, 0.001
693, 1000, 1.61174e-06, 1.74533e-10, 0.0697965, 0.001
694, 1000, 1.61174e-06, 1.74533e-10, 0.0697965, 0.001
695, 1000, 1.61174e-06, 1.74533e-10, 0.0697965, 0.001
696, 1000, 1.61174e-06, 1.74533e-10, 0.0697965, 0.001
697, 1000, 1.61174e-06, 1.74533e-10, 0.0697965, 0.001
698, 1000, 1.61174e-06, 1.74533e-10, 0.0697965, 0.001
699, 1000, 1.61174e-06, 1.74533e-10, 0.0697965, 0.001
700, 1000, 1.61174e-06, 1.74533e-10, 0.0697965, 0.001
701, 1000, 1.61174e-06, 1.74533e-10, 0.0697965, 0.001
702, 1000, 1.61174e-06, 1.74533e-10, 0.0697965, 0.001
703, 1000, 1.61174e-06, 1.74533e-10, 0.0697965, 0.001
704, 1000, 1.61174e-06, 1.74533e-10, 0.0697965, 0.001
705, 1000, 1.61174e-06, 1.74533e-10, 0.0697965, 0.001
706, 1000, 1.61174e-06, 1.74533e-10, 0.0697965, 0.001
707, 1000, 1.61174e-06, 1.74533e-10, 0.0697965, 0.001
708, 1000, 1.61174e-06, 1.74533e-10, 0.0697965, 0.001
709, 1000, 1.61174e-06, 1.74533e-10, 0.0697965, 0.001
710, 1000, 1.61174e-06, 1.74533e-10, 0.0697965, 0.001
711, 1000, 1.61174e-06, 1.74533e-10, 0.0697965, 0.001
712, 1000, 1.61174e-06, 1.74533e-10, 0.0697965, 0.001
713, 1000, 1.61174e-06, 1.74533e-10, 0.0697965, 0.001
714, 1000, 1.61174e-06, 1.74533e-10, 0.0697965, 0.001
715, 1000, 1.61174e-06, 1.74533e-10, 0.0697965, 0.001
716, 1000, 1.61174e-06, 1.74533e-10, 0.0697965, 0.001
717, 1000, 1.61174e-06, 1.74533e-10, 0.0697965, 0.001
718, 1000, 1.61174e-06, 1.74533e-10, 0.0697965, 0.001
719, 1000, 1.61174e-06, 1.74533e-10, 0.0697965, 0.001
720, 1000, 1.61174e-06, 1.74533e-10, 0.0697965, 0.001
721, 1000, 1.61174e-06, 1.74533e-10, 0.0697965, 0.001
722, 1000, 1.61174e-06, 1.74533e-10, 0.0697965, 0.001
723, 1000, 1.61174e-06, 1.74533e-10, 0.0697965, 0.001
724, 1000, 1.61174e-06, 1.74533e-10, 0.0697965, 0.001
725, 1000, 1.61174e-06, 1.74533e-10, 0.0697965, 0.001
726, 1000, 1.61174e-06, 1.74533e-10, 0.0697965, 0.001
727, 1000, 1.61174e-06, 1.74533e-10, 0.0697965, 0.001
728, 1000, 1.61174e-06, 1.74533e-10, 0.0697965, 0.001
729, 1000, 1.61174e-06, 1.74533e-10, 0.0697965, 0.001
730, 1000, 1.61174e-06, 1.74533e-10, 0.0697965, 0.001
731, 1000, 1.61174e-06, 1.74533e-10, 0.0697965, 0.001
732, 1000, 1.61174e-06, 1.74533e-10, 0.0697965, 0.001
733, 1000, 1.61174e-06, 1.74533e-10, 0.0697965, 0.001
734, 1000, 1.61174e-06, 1.74533e-10, 0.0697965, 0.001
735, 1000, 1.61174e-06, 1.74533e-10, 0.0697965, 0.001
736, 1000, 1.61174e-06, 1.74533e-10, 0.0697965, 0.001
737, 1000, 1.61174e-06, 1.74533e-10, 0.0697965, 0.001
738, 1000, 1.61174e-06, 1.74533e-10, 0.0697965, 0.001
739, 1000, 1.61174e-06, 1.74533e-10, 0.0697965, 0.001
740, 1000, 1.61174e-06, 1.74533e-10, 0.0697965, 0.001
741, 1000, 1.61174e-06, 1.74533e-10, 0.0697965, 0.001
742, 1000, 1.61174e-06, 1.74533e-10, 0.0697965, 0.001
743, 1000, 1.61174e-06, 1.74533e-10, 0.0697965, 0.001
744, 1000, 1.61174e-06, 1.74533e-10, 0.0697965, 0.001
745, 1000, 1.61174e-06, 1.74533e-10, 0.0697965, 0.001
746, 1000, 1.61174e-06, 1.74533e-10, 0.0697965, 0.001
747, 1000, 1.61174e-06, 1.74533e-10, 0.0697965, 0.001
748, 1000, 1.61174e-06, 1.74533e-10, 0.0697965, 0.001
749, 1000, 1.61174e-06, 1.74533e-10, 0.0697965, 0.001
750, 1000, 1.61174e-06, 1.74533e-10, 0.0697965, 0.001
751, 1000, 1.61174e-06, 1.74533e-10, 0.0697965, 0.001
752, 1000, 1.61174e-06, 1.74533e-10, 0.0697965, 0.001
753, 1000, 1.61174e-06, 1.74533e-10, 0.0697965, 0.001
754, 1000, 1.61174e-06, 1.74533e-10, 0.0697965, 0.001
755, 1000, 1.61174e-06, 1.74533e-10, 0.0697965, 0.001
756, 1000, 1.61174e-06, 1.74533e-10, 0.0697965, 0.001
757, 1000, 1.61174e-06, 1.74533e-10, 0.0697965, 0.001
758, 1000, 1.61174e-06, 1.74533e-10, 0.0697965, 0.001
759, 1000, 1.61174e-06, 1.74533e-10, 0.0697965, 0.001
760, 1000, 1.61174e-06, 1.74533e-10, 0.0697965, 0.001
761, 1000, 1.61174e-06, 1.74533e-10, 0.0697965, 0.001
762, 1000, 1.61174e-06, 1.74533e-10, 0.0697965, 0.001
763, 1000, 1.61174e-06, 1.74533e-10, 0.0697965, 0.001
764, 1000, 1.61174e-06, 1.74533e-10, 0.0697965, 0.001
765, 1000, 1.61174e-06, 1.74533e-10, 0.0697965, 0.001
766, 1000, 1.61174e-06, 1.74533e-10, 0.0697965, 0.001
767, 1000, 1.61174e-06, 1.74533e-10, 0.0697965, 0.001
768, 1000, 1.61174e-06, 1.74533e-10, 0.0697965, 0.001
769, 1000, 1.61174e-06, 1.74533e-10, 0.0697965, 0.001
770, 1000, 1.61174e-06, 1.74533e-10, 0.0697965, 0.001
771, 1000, 1.61174e-06, 1.74533e-10, 0.0697965, 0.001
772, 1000, 1.61174e-06, 1.74533e-10, 0.0697965, 0.001
773, 1000, 1.61174e-06, 1.74533e-10, 0.0697965, 0.001
774, 1000, 1.61174e-06, 1.74533e-10, 0.0697965, 0.001
775, 1000, 1.61174e-06, 1.74533e-10, 0.0697965, 0.001
776, 1000, 1.61174e-06, 1.74533e-10, 0.0697965, 0.001
777, 1000, 1.61174e-06, 1.74533e-10, 0.0697965, 0.001
778, 1000, 1.61174e-06, 1.74533e-10, 0.0697965, 0.001
779, 1000, 1.61174e-06, 1.74533e-10, 0.0697965, 0.001
780, 1000, 1.61174e-06, 1.74533e-10, 0.0697965, 0.001
781, 1000, 1.61174e-06, 1.74533e-10, 0.0697965, 0.001
782, 1000, 1.61174e-06, 1.74533e-10, 0.0697965, 0.001
783, 1000, 1.61174e-06, 1.74533e-10, 0.0697965, 0.001
784, 1000, 1.61174e-06, 1.74533e-10, 0.0697965, 0.001
785, 1000, 1.61174e-06, 1.74533e-10, 0.0697965, 0.001
786, 1000, 1.61174e-06, 1.74533e-10, 0.0697965, 0.001
787, 1000, 1.61174e-06, 1.74533e-10, 0.0697965, 0.001
788, 1000, 1.61174e-06, 1.74533e-10, 0.0697965, 0.001
789, 1000, 1.61174e-06, 1.74533e-10, 0.0697965, 0.001
790, 1000, 1.61174e-06, 1.74533e-10, 0.0697965, 0.001
791, 1000, 1.61174e-06, 1.74533e-10, 0.0697965, 0.001
792, 1000, 1.61174e-06, 1.74533e-10, 0.0697965, 0.001
793, 1000, 1.61174e-06, 1.74533e-10, 0.0697965, 0.001
794, 1000, 1.61174e-06, 1.74533e-10, 0.0697965, 0.001
795, 1000, 1.61174e-06, 1.74533e-10, 0.0697965, 0.001
796, 1000, 1.61174e-06, 1.74533e-10, 0.0697965, 0.001
797, 1000, 1.61174e-06, 1.74533e-10, 0.0697965, 0.001
798, 1000, 1.61174e-06, 1.74533e-10, 0.0697965, 0.001
799, 1000, 1.61174e-06, 1.74533e-10, 0.0697965, 0.001
800, 1000, 1.61174e-06, 1.74533e-10, 0.0697965, 0.001
801, 1000, 1.61174e-06, 1.74533e-10, 0.0697965, 0.001
802, 1000, 1.61174e-06, 1.74533e-10, 0.0697965, 0.001
803, 1000, 1.61174e-06, 1.74533e-10, 0.0697965, 0.001
804, 1000, 1.61174e-06, 1.74533e-10, 0.0697965, 0.001
805, 1000, 1.61174e-06, 1.74533e-10, 0.0697965, 0.001
806, 1000, 1.61174e-06, 1.74533e-10, 0.0697965, 0.001
807, 1000, 1.61174e-06, 1.74533e-10, 0.0697965, 0.001
808, 1000, 1.61174e-06, 1.74533e-10, 0.0697965, 0.001
809, 1000, 1.61174e-06, 1.74533e-10, 0.0697965, 0.001
810, 1000, 1.61174e-06, 1.74533e-10, 0.0697965, 0.001
811, 1000, 1.61174e-06, 1.74533e-10, 0.0697965, 0.001
812, 1000, 1.61174e-06, 1.74533e-10, 0.0697965, 0.001
813, 1000, 1.61174e-06, 1.74533e-10, 0.0697965, 0.001
814, 1000, 1.61174e-06, 1.74533e-10, 0.0697965, 0.001
815, 1000, 1.61174e-06, 1.74533e-10, 0.0697965, 0.001
816, 1000, 1.61174e-06, 1.74533e-10, 0.0697965, 0.001
817, 1000, 1.61174e-06, 1.74533e-10, 0.0697965, 0.001
818, 1000, 1.61174e-06, 1.74533e-10, 0.0697965, 0.001
819, 1000, 1.61174e-06, 1.74533e-10, 0.0697965, 0.001
820, 1000, 1.61174e-06, 1.74533e-10, 0.0697965, 0.001
821, 1000, 1.61174e-06, 1.74533e-10, 0.0697965, 0.001
822, 1000, 1.61174e-06, 1.74533e-10, 0.0697965, 0.001
823, 1000, 1.61174e-06, 1.74533e-10, 0.0697965, 0.001
824, 1000, 1.61174e-06, 1.74533e-10, 0.0697965, 0.001
825, 1000, 1.61174e-06, 1.74533e-10, 0.0697965, 0.001
826, 1000, 1.61174e-06, 1.74533e-10, 0.0697965, 0.001
827, 1000, 1.61174e-06, 1.74533e-10, 0.0697965, 0.001
828, 1000, 1.61174e-06, 1.74533e-10, 0.0697965, 0.001
829, 1000, 1.61174e-06, 1.74533e-10, 0.0697965, 0.001
830, 1000, 1.61174e-06, 1.74533e-10, 0.0697965, 0.001
831, 1000, 1.61174e-06, 1.74533e-10, 0.0697965, 0.001
832, 1000, 1.61174e-06, 1.74533e-10, 0.0697965, 0.001
833, 1000, 1.61174e-06, 1.74533e-10, 0.0697965, 0.001
834, 1000, 1.61174e-06, 1.74533e-10, 0.0697965, 0.001
835, 1000, 1.61174e-06, 1.74533e-10, 0.0697965, 0.001
836, 1000, 1.61174e-06, 1.74533e-10, 0.0697965, 0.001
837, 1000, 1.61174e-06, 1.74533e-10, 0.0697965, 0.001
838, 1000, 1.61174e-06, 1.74533e-10, 0.0697965, 0.001
839, 1000, 1.61174e-06, 1.74533e-10, 0.0697965, 0.001
840, 1000, 1.61174e-06, 1.74533e-10, 0.0697965, 0.001
841, 1000, 1.61174e-06, 1.74533e-10, 0.0697965, 0.001
842, 1000, 1.61174e-06, 1.74533e-10, 0.0697965, 0.001
843, 1000, 1.61174e-06, 1.74533e-10, 0.0697965, 0.001
844, 1000, 1.61174e-06, 1.74533e-10, 0.0697965, 0.001
845, 1000, 1.61174e-06, 1.74533e-10, 0.0697965, 0.001
846, 1000, 1.61174e-06, 1.74533e-10, 0.0697965, 0.001
847, 1000, 1.61174e-06, 1.74533e-10, 0.0697965, 0.001
848, 1000, 1.61174e-06, 1.74533e-10, 0.0697965, 0.001
849, 1000, 1.61174e-06, 1.74533e-10, 0.0697965, 0.001
850, 1000, 1.61174e-06, 1.74533e-10, 0.0697965, 0.001
851, 1000, 1.61174e-06, 1.74533e-10, 0.0697965, 0.001
852, 1000, 1.61174e-06, 1.74533e-10, 0.0697965, 0.001
853, 1000, 1.61174e-06, 1.74533e-10, 0.0697965, 0.001
854, 1000, 1.61174e-06, 1.74533e-10, 0.0697965, 0.001
855, 1000, 1.61174e-06, 1.74533e-10, 0.0697965, 0.001
856, 1000, 1.61174e-06, 1.74533e-10, 0.0697965, 0.001
857, 1000, 1.61174e-06, 1.74533e-10, 0.0697965, 0.001
858, 1000, 1.61174e-06, 1.74533e-10, 0.0697965, 0.001
859, 1000, 1.61174e-06, 1.74533e-10, 0.0697965, 0.001
860, 1000, 1.61174e-06, 1.74533e-10, 0.0697965, 0.001
861, 1000, 1.61174e-06, 1.74533e-10, 0.0697965, 0.001
862, 1000, 1.61174e-06, 1.74533e-10, 0.0697965, 0.001
863, 1000, 1.61174e-06, 1.74533e-10, 0.0697965, 0.001
864, 1000, 1.61174e-06, 1.74533e-10, 0.0697965, 0.001
865, 1000, 1.61174e-06, 1.74533e-10, 0.0697965, 0.001
866, 1000, 1.61174e-06, 1.74533e-10, 0.0697965, 0.001
867, 1000, 1.61174e-06, 1.74533e-10, 0.0697965, 0.001
868, 1000, 1.61174e-06, 1.74533e-10, 0.0697965, 0.001
869, 1000, 1.61174e-06, 1.74533e-10, 0.0697965, 0.001
870, 1000, 1.61174e-06, 1.74533e-10, 0.0697965, 0.001
871, 1000, 1.61174e-06, 1.74533e-10, 0.0697965, 0.001
872, 1000, 1.61174e-06, 1.74533e-10, 0.0697965, 0.001
873, 1000, 1.61174e-06, 1.74533e-10, 0.0697965, 0.001
874, 1000, 1.61174e-06, 1.74533e-10, 0.0697965, 0.001
875, 1000, 1.61174e-06, 1.74533e-10, 0.0697965, 0.001
876, 1000, 1.61174e-06, 1.74533e-10, 0.0697965, 0.001
877, 1000, 1.61174e-06, 1.74533e-10, 0.0697965, 0.001
878, 1000, 1.61174e-06, 1.74533e-10, 0.0697965, 0.001
879, 1000, 1.61174e-06, 1.74533e-10, 0.0697965, 0.001
880, 1000, 1.61174e-06, 1.74533e-10, 0.0697965, 0.001
881, 1000, 1.61174e-06, 1.74533e-10, 0.0697965, 0.001
882, 1000, 1.61174e-06, 1.74533e-10, 0.0697965, 0.001
883, 1000, 1.61174e-06, 1.74533e-10, 0.0697965, 0.001
884, 1000, 1.61174e-06, 1.74533e-10, 0.0697965, 0.001
885, 1000, 1.61174e-06, 1.74533e-10, 0.0697965, 0.001
886, 1000, 1.61174e-06, 1.74533e-10, 0.0697965, 0.001
887, 1000, 1.61174e-06, 1.74533e-10, 0.0697965, 0.001
888, 1000, 1.61174e-06, 1.74533e-10, 0.0697965, 0.001
889, 1000, 1.61174e-06, 1.74533e-10, 0.0697965, 0.001
890, 1000, 1.61174e-06, 1.74533e-10, 0.0697965, 0.001
891, 1000, 1.61174e-06, 1.74533e-10, 0.0697965, 0.001
892, 1000, 1.61174e-06, 1.74533e-10, 0.0697965, 0.001
893, 1000, 1.61174e-06, 1.74533e-10, 0.0697965, 0.001
894, 1000, 1.61174e-06, 1.74533e-10, 0.0697965, 0.001
895, 1000, 1.61174e-06, 1.74533e-10, 0.0697965, 0.001
896, 1000, 1.61174e-06, 1.74533e-10, 0.0697965, 0.001
897, 1000, 1.61174e-06, 1.74533e-10, 0.0697965, 0.001
898, 1000, 1.61174e-06, 1.74533e-10, 0.0697965, 0.001
899, 1000, 1.61174e-06, 1.74533e-10, 0.0697965, 0.001
900, 1000, 1.61174e-06, 1.74533e-10, 0.0697965, 0.001
901, 1000, 1.61174e-06, 1.74533e-10, 0.0697965, 0.001
902, 1000, 1.61174e-06, 1.74533e-10, 0.0697965, 0.001
903, 1000, 1.61174e-06, 1.74533e-10, 0.0697965, 0.001
904, 1000, 1.61174e-06, 1.74533e-10, 0.0697965, 0.001
905, 1000, 1.61174e-06, 1.74533e-10, 0.0697965, 0.001
906, 1000, 1.61174e-06, 1.74533e-10, 0.0697965, 0.001
907, 1000, 1.61174e-06, 1.74533e-10, 0.0697965, 0.001
908, 1000, 1.61174e-06, 1.74533e-10, 0.0697965, 0.001
909, 1000, 1.61174e-06, 1.74533e-10, 0.0697965, 0.001
910, 1000, 1.61174e-06, 1.74533e-10, 0.0697965, 0.001
911, 1000, 1.61174e-06, 1.74533e-10, 0.0697965, 0.001
912, 1000, 1.61174e-06, 1.74533e-10, 0.0697965, 0.001
913, 1000, 1.61174e-06, 1.74533e-10, 0.0697965, 0.001
914, 1000, 1.61174e-06, 1.74533e-10, 0.0697965, 0.001
915, 1000, 1.61174e-06, 1.74533e-10, 0.0697965, 0.001
916, 1000, 1.61174e-06, 1.74533e-10, 0.0697965, 0.001
917, 1000, 1.61174e-06, 1.74533e-10, 0.0697965, 0.001
918, 1000, 1.61174e-06, 1.74533e-10, 0.0697965, 0.001
919, 1000, 1.61174e-06, 1.74533e-10, 0.0697965, 0.001
920, 1000, 1.61174e-06, 1.74533e-10, 0.0697965, 0.001
921, 1000, 1.61174e-06, 1.74533e-10, 0.0697965, 0.001
922, 1000, 1.61174e-06, 1.74533e-10, 0.0697965, 0.001
923, 1000, 1.61174e-06, 1.74533e-10, 0.0697965, 0.001
924, 1000, 1.61174e-06, 1.74533e-10, 0.0697965, 0.001
925, 1000, 1.61174e-06, 1.74533e-10, 0.0697965, 0.001
926, 1000, 1.61174e-06, 1.74533e-10, 0.0697965, 0.001
927, 1000, 1.61174e-06, 1.74533e-10, 0.0697965, 0.001
928, 1000, 1.61174e-06, 1.74533e-10, 0.0697965, 0.001
929, 1000, 1.61174e-06, 1.74533e-10, 0.0697965, 0.001
930, 1000, 1.61174e-06, 1.74533e-10, 0.0697965, 0.001
931, 1000, 1.61174e-06, 1.74533e-10, 0.0697965, 0.001
932, 1000, 1.61174e-06, 1.74533e-10, 0.0697965, 0.001
933, 1000, 1.61174e-06, 1.74533e-10, 0.0697965, 0.001
934, 1000, 1.61174e-06, 1.74533e-10, 0.0697965, 0.001
935, 1000, 1.61174e-06, 1.74533e-10, 0.0697965, 0.001
936, 1000, 1.61174e-06, 1.74533e-10, 0.0697965, 0.001
937, 1000, 1.61174e-06, 1.74533e-10, 0.0697965, 0.001
938, 1000, 1.61174e-06, 1.74533e-10, 0.0697965, 0.001
939, 1000, 1.61174e-06, 1.74533e-10, 0.0697965, 0.001
940, 1000, 1.61174e-06, 1.74533e-10, 0.0697965, 0.001
941, 1000, 1.61174e-06, 1.74533e-10, 0.0697965, 0.001
942, 1000, 1.61174e-06, 1.74533e-10, 0.0697965, 0.001
943, 1000, 1.61174e-06, 1.74533e-10, 0.0697965, 0.001
944, 1000, 1.61174e-06, 1.74533e-10, 0.0697965, 0.001
945, 1000, 1.61174e-06, 1.74533e-10, 0.0697965, 0.001
946, 1000, 1.61174e-06, 1.74533e-10, 0.0697965, 0.001
947, 1000, 1.61174e-06, 1.74533e-10, 0.0697965, 0.001
948, 1000, 1.61174e-06, 1.74533e-10, 0.0697965, 0.001
949, 1000, 1.61174e-06, 1.74533e-10, 0.0697965, 0.001
950, 1000, 1.61174e-06, 1.74533e-10, 0.0697965, 0.001
951, 1000, 1.61174e-06, 1.74533e-10, 0.0697965, 0.001
952, 1000, 1.61174e-06, 1.74533e-10, 0.0697965, 0.001
953, 1000, 1.61174e-06, 1.74533e-10, 0.0697965, 0.001
954, 1000, 1.61174e-06, 1.74533e-10, 0.0697965, 0.001
955, 1000, 1.61174e-06, 1.74533e-10, 0.0697965, 0.001
956, 1000, 1.61174e-06, 1.74533e-10, 0.0697965, 0.001
957, 1000, 1.61174e-06, 1.74533e-10, 0.0697965, 0.001
958, 1000, 1.61174e-06, 1.74533e-10, 0.0697965, 0.001
959, 1000, 1.61174e-06, 1.74533e-10, 0.0697965, 0.001
960, 1000, 1.61174e-06, 1.74533e-10, 0.0697965, 0.001
961, 1000, 1.61174e-06, 1.74533e-10, 0.0697965, 0.001
962, 1000, 1.61174e-06, 1.74533e-10, 0.0697965, 0.001
963, 1000, 1.61174e-06, 1.74533e-10, 0.0697965, 0.001
964, 1000, 1.61174e-06, 1.74533e-10, 0.0697965, 0.001
965, 1000, 1.61174e-06, 1.74533e-10, 0.0697965, 0.001
966, 1000, 1.61174e-06, 1.74533e-10, 0.0697965, 0.001
967, 1000, 1.61174e-06, 1.74533e-10, 0.0697965, 0.001
968, 1000, 1.61174e-06, 1.74533e-10, 0.0697965, 0.001
969, 1000, 1.61174e-06, 1.74533e-10, 0.0697965, 0.001
970, 1000, 1.61174e-06, 1.74533e-10, 0.0697965, 0.001
971, 1000, 1.61174e-06, 1.74533e-10, 0.0697965, 0.001
972, 1000, 1.61174e-06, 1.74533e-10, 0.0697965, 0.001
973, 1000, 1.61174e-06, 1.74533e-10, 0.0697965, 0.001
974, 1000, 1.61174e-06, 1.74533e-10, 0.0697965, 0.001
975, 1000, 1.61174e-06, 1.74533e-10, 0.0697965, 0.001
976, 1000, 1.61174e-06, 1.74533e-10, 0.0697965, 0.001
977, 1000, 1.61174e-06, 1.74533e-10, 0.0697965, 0.001
978, 1000, 1.61174e-06, 1.74533e-10, 0.0697965, 0.001
979, 1000, 1.61174e-06, 1.74533e-10, 0.0697965, 0.001
980, 1000, 1.61174e-06, 1.74533e-10, 0.0697965, 0.001
981, 1000, 1.61174e-06, 1.74533e-10, 0.0697965, 0.001
982, 1000, 1.61174e-06, 1.74533e-10, 0.0697965, 0.001
983, 1000, 1.61174e-06, 1.74533e-10, 0.0697965, 0.001
984, 1000, 1.61174e-06, 1.74533e-10, 0.0697965, 0.001
985, 1000, 1.61174e-06, 1.74533e-10, 0.0697965, 0.001
986, 1000, 1.61174e-06, 1.74533e-10, 0.0697965, 0.001
987, 1000, 1.61174e-06, 1.74533e-10, 0.0697965, 0.001
988, 1000, 1.61174e-06, 1.74533e-10, 0.0697965, 0.001
989, 1000, 1.61174e-06, 1.74533e-10, 0.0697965, 0.001
990, 1000, 1.61174e-06, 1.74533e-10, 0.0697965, 0.001
991, 1000, 1.61174e-06, 1.74533e-10, 0.0697965, 0.001
992, 1000, 1.61174e-06, 1.74533e-10, 0.0697965, 0.001
993, 1000, 1.61174e-06, 1.74533e-10, 0.0697965, 0.001
994, 1000, 1.61174e-06, 1.74533e-10, 0.0697965, 0.001
995, 1000, 1.61174e-06, 1.74533e-10, 0.0697965, 0.001
996, 1000, 1.61174e-06, 1.74533e-10, 0.0697965, 0.001
997, 1000, 1.61174e-06, 1.74533e-10, 0.0697965, 0.001
998, 1000, 1.61174e-06, 1.74533e-10, 0.0697965, 0.001
999, 1000, 1.61174e-06, 1.74533e-10, 0.0697965, 0.001
